duration,protocol,service,flag,src_bytes,dst_bytes,count,srv_count,label
0.7039021349652886,2,1,2,23956627.819134858,3940.9615820001577,3,3,0
4.515182146376281,1,3,1,1179.9036754423048,4681.762584252759,8,0,0
1.975118540318174,2,0,2,2009713.6211974176,2176.99407244705,5,1,0
1.3694138306639299,2,3,2,11910.231633341196,16069.885892600547,6,3,0
0.2544373056935194,0,1,2,18599.202858488374,334.0674816498757,3,2,0
0.25439443787190774,0,3,0,5741.3144170991045,239697.48762976206,3,2,0
0.08975815291302101,2,2,0,105416.48736572206,88471.99524801271,2,2,0
3.0168462967199092,0,0,1,1237.0089081482197,21086.842015933795,7,4,0
1.3786232304408967,1,1,1,555.2075054325775,7156.535972490704,3,2,0
1.8468750925568855,1,1,2,551470.1873122852,94625.151343853,7,3,0
0.031198961998707933,0,1,2,4411.875680471365,32170.651556142537,3,4,0
5.255336212737468,1,0,2,97946.45581259181,74107.76291156682,4,3,0
2.6796443150320126,0,2,1,2512.636416976861,7200.428632186658,4,5,0
0.3580314378734205,2,1,0,90838.82722407923,290287.2333847715,6,1,0
0.30101848312449503,2,3,0,638637.9584226814,83598.07323506221,4,6,0
0.30391713424838557,1,1,2,7675.258319629861,22450.59937139872,2,3,0
0.5441305941907157,0,1,2,460.8708198245123,99902.08555671318,5,4,0
1.1158917462912816,0,1,2,645375.6482394087,3504.0548880521983,5,4,0
0.01,1,1,2,14043340.126808504,784.462901191953,40,4,1
0.5163344888309123,2,2,1,8542.914735354658,15415.072231386244,6,2,0
1.419556310849698,1,3,0,14244.069070249892,7228.733365947104,5,6,0
0.225351793091008,2,2,2,2389.1563894762276,5456.51352063225,2,1,0
0.5182732680036034,0,3,1,377193.60091002384,92283.81737137274,4,6,0
0.6844158273312706,2,1,2,7559.563915528639,11319.457498197353,4,3,0
0.9134020317896625,1,0,2,1290.2392237172903,13727.249446830112,6,3,0
2.306904016546368,0,2,0,33768.77247083348,4212.850948857079,6,2,0
0.3341037931930354,1,0,2,3944.088982062598,47204.583672260844,6,3,0
1.0830437325496916,1,2,0,2807.278670088536,32983.13214396617,5,5,0
1.346257081964641,2,1,0,9318.916005346875,46505.197233332714,6,4,0
0.07134577463461282,1,2,0,26178.942127808394,2997.314699756062,4,4,0
1.4029995309744152,2,1,1,1391.0031940833314,109993.54047480655,8,2,0
0.28044187796612463,0,2,1,351617.01983195584,320467.72477206896,6,4,0
0.10089589631895636,2,1,0,85333.24709021828,43655.16119221622,2,5,0
4.460531690260396,0,1,2,10607.048569023966,1605.8739837378153,5,3,0
5.055945513691759,2,3,0,3616.6845949093586,1628.7944705125526,5,5,0
2.478497359219315,1,1,2,18426.573140389937,3824.7412190202763,9,1,0
0.5449317899531374,2,3,0,133101.87367895682,2620.827985849088,7,4,0
0.15416597250375935,2,1,2,97652.25750802562,7029.105586562022,3,3,0
1.7291261446479926,0,0,1,182957.3969012718,28706.674415329227,9,6,0
0.8701362638780975,1,1,2,8427.412109480492,14471.04277289084,6,4,0
0.19522835093167296,2,0,0,63.44349337410577,12143.849574869402,3,3,0
1.0253208422012252,1,0,1,267165.1794792363,5002.006947593469,8,2,0
0.01,2,1,2,1576594.81651892,6990.505468271988,40,3,1
3.6006343310895357,2,0,2,83477.47641705709,39860.89372268711,7,3,0
0.4491866652610291,1,3,2,620609.6058975074,144.90580997960078,10,1,0
1.6293836978474705,2,2,2,2867116.1778093013,7920.57579094304,6,2,0
0.5603198724864356,1,1,2,6005.055902031873,14414.287625162671,6,3,0
1.1011663438638428,2,0,1,28793.92810852596,38838.45476927228,3,4,0
1.1868356969726963,0,1,1,338972.0454662282,1074.8196095727878,4,3,0
0.3065828992618586,1,3,1,4070.177799869209,966.9827291865646,2,1,0
5.23921069910434,2,1,1,6875.893050952947,26053.567598344842,6,1,0
2.238368065707211,2,1,0,6794.867610886866,179.66527196381554,6,1,0
4.207641628937374,0,0,1,20823.12388006581,116352.33316564141,5,4,0
3.3782279963012947,1,3,2,14182.337614415394,12748.692330151298,5,2,0
1.3665816185749124,2,2,2,6717.0836286516,183036.7855737004,5,4,0
3.8241530689041077,0,2,1,3192.2624258020514,921.364060903446,5,2,0
0.13898318842967344,2,0,2,111734.48395444575,3385.581854382354,5,3,0
0.32720204194690117,1,1,1,319867.4729404495,65.64512536632508,2,5,0
0.06942294853024793,2,0,2,427380.32572538697,1650.1483534083688,3,4,0
0.5902981302046302,2,0,0,8415.688195109971,5610.001346621752,1,3,0
0.7381954376913279,2,0,0,121473.24897970402,159.9057917057881,3,1,0
0.47484066481323856,2,1,1,35335.79689558748,3680.288318833965,3,4,0
2.646836797861401,0,3,1,7035.030484302932,152.21890454361903,5,4,0
0.6618404992948053,0,0,1,95648.60950282267,4841.983017582209,6,3,0
0.4947042602013738,1,1,2,6417.538371397829,80356.14564814884,5,4,0
1.173610624811619,0,3,1,10380.110420087101,7555.571368970066,4,4,0
0.2278472217309433,0,0,0,1403.2420592698766,223332.0028344497,5,3,0
2.430725393662097,1,2,2,8704.172654585604,39049.49124122436,6,1,0
0.11621380321696351,0,3,1,36597.03181057719,120125.90706025413,3,1,0
6.501219509380979,0,0,2,507813.2248595436,1754.798857540243,1,4,0
2.219225664362267,1,3,2,10861.819355600093,1671.901270596324,3,4,0
0.33230916075882894,1,3,1,2761.8656923343374,16175.076239451148,5,3,0
0.008306130563903212,1,3,2,440091.50134135515,345.36292365298607,5,2,0
2.534845166229189,2,3,0,8029.641218708208,20791.249904764347,4,3,0
0.01,2,3,0,66729.79766218193,4239.329364246204,30,3,1
1.9584943631819984,1,3,2,28744.09029884909,115843.29771910032,5,4,0
2.21282178906527,1,0,1,11504.034206974226,31540.398909144747,4,3,0
0.11539389827069452,1,2,2,2193022.4958442845,72650.30452632287,5,0,0
0.6658390086243487,2,1,0,56995.75490511635,1792.8966609214326,9,5,0
0.1847251569066745,2,3,2,16437.412943453328,65934.7263888888,3,2,0
2.982794357487334,0,1,2,3466.8635270177606,145717.4845456673,6,2,0
1.464451787568561,0,0,0,42630.85996774916,7499.3554305614525,3,3,0
0.6027282018769515,1,3,2,405720.5496023397,1846.9645029733047,8,2,0
0.09850209870717433,2,2,2,41094.45049661793,1912.9954625433265,5,2,0
0.5587325256155306,2,1,1,4044.6108341901286,96570.24828864244,5,2,0
0.589971319776197,2,3,1,64706.20781085834,1738775.1470742498,3,1,0
1.9618136759366114,1,0,0,19985.978072025067,1137.6384522130697,5,3,0
1.52233403838903,0,2,0,54026.29798033043,975.5095012716175,2,4,0
3.273377868602272,1,1,0,10833.357383163297,51165.88914430047,4,1,0
0.9585992000644648,0,1,1,10336.219388633168,1793.945998987213,8,2,0
0.19105859042325285,0,3,0,9551.375028349083,62113.01134611605,4,3,0
1.873689516474899,1,2,0,144998.1558425692,20551.564472047747,6,2,0
2.145589129615296,0,2,0,10546.50125725353,7723.673679136912,8,4,0
1.2358312423287432,0,2,1,8782.69456185737,19585.466577904954,2,0,0
2.210834950082047,2,2,2,3347.162318923059,17333.50717733489,3,4,0
1.021222097265417,0,0,0,54613.02046909911,5657.780771266503,7,2,0
1.1095182581659007,1,2,2,41085.2150352271,241.5986641157173,4,7,0
0.836721290862641,1,1,0,8977.381721520916,11583.08886796312,8,4,0
0.01,0,1,2,533072.5290314166,188361.9641851558,40,2,1
0.17125115278779876,2,0,1,938789.7516423762,324.5574861928176,4,2,0
0.047900521939580734,2,1,1,512.4042630462304,1174.3028833223075,4,6,0
1.517594326391324,0,1,0,59062.05834216005,19027.75438777778,6,2,0
0.5660950631926498,0,2,2,291503.4431190299,8753.279642966228,7,8,0
1.065655765701285,1,1,1,25.188120560053733,18441.60106825241,2,3,0
3.571898294768963,0,0,0,107826.64958807881,2000.9224622739582,5,2,0
0.4301082344749475,2,2,0,14178.624563061665,82860.73394011025,5,2,0
0.7924229623240089,0,3,1,36757.94708840778,8899.951723506634,5,4,0
2.113123721307875,1,2,1,11539.417601210325,32662.1124570739,4,4,0
0.01,1,0,0,18924294.489008076,15375.872237227864,60,6,1
0.12015641782526454,1,2,2,45535.09759712771,11510.212179667393,4,4,0
0.5132104558305857,1,2,2,28665.218821595263,28386.453305247112,5,4,0
0.2637125377500943,1,0,2,3649.2567148893877,11766.077803044007,4,5,0
3.982425128820937,0,2,0,950348.9079433633,749.646636229091,3,3,0
2.4763306207268543,0,0,1,22468.329963296746,71304.42394784692,3,2,0
1.5052412857807966,0,0,0,2147063.376210186,41616.60696579325,4,3,0
3.07727959578122,0,3,1,1040423.885569046,119.85698223339577,3,2,0
2.4419534111108345,1,1,2,628.476140983249,2189.8743138961954,7,2,0
0.3097432145379586,2,1,2,5943.824607018072,65167.810693583655,7,8,0
3.3462201078533416,0,2,1,2768.6025797729426,209.79752669961087,6,2,0
1.162649852949258,2,2,1,20002.005790368075,53483.78291246437,5,4,0
2.4710224369553493,0,3,0,32026.790702554037,6109.223324940852,4,8,0
3.396363973929347,0,3,2,34886.42052566208,118251.04466222157,4,5,0
0.5740960746274777,2,3,0,181363.27663470258,8084.5201681783265,7,7,0
0.17488824018577626,1,0,0,436771.53694490745,1911.9214574130858,6,3,0
0.38803011920907204,0,3,0,152508.48281168964,15005.488625431102,3,1,0
0.8355865391229216,0,3,2,7173.360921631099,7625.315830261888,4,2,0
2.5557445899584175,0,2,0,4609.85770898831,1600.8623498915508,4,2,0
2.9570174578197497,2,3,0,22148.469405810683,684666.3826808512,4,2,0
0.01046461377247597,1,0,0,51649.668318273405,1161.8904278919133,7,6,0
1.0723142390078335,2,0,0,15269.571077115663,91.29438177898537,6,2,0
0.810409981378007,2,2,0,1493.7280596858864,191644.60808633047,7,5,0
0.37675100741373674,1,3,0,86173.58896215592,2522.1652943792988,3,2,0
0.19152058731847021,2,3,2,10050.427626999466,4475.858599291821,5,4,0
0.6178628697936487,1,0,0,9461.389483814126,3960.7467937218075,5,5,0
4.294681684036725,0,3,1,19747.351338323468,2593.3276362505167,4,1,0
0.5855757043222116,1,3,0,13632.366934354874,1750.4270355664141,5,4,0
1.0971792086402279,0,3,0,10582.933008574013,1103.6359257035563,2,1,0
1.8211304653212823,2,1,2,1702.3235418024667,9223.589185657824,6,5,0
0.6779617484504435,2,2,2,17597.37577290032,3626.5058381085414,2,6,0
5.3516972074375495,0,1,1,89850.96064557788,34916.83536875155,3,4,0
4.923014796812097,2,2,1,37394.84015978221,21277.130793495344,3,3,0
0.43509194248830796,1,0,2,146714.36469734213,1267.7204088722988,5,1,0
1.031488917695771,0,3,2,5130.251464374218,10067.24690038338,0,1,0
0.5368956901185702,2,2,0,1709.3749250508322,3513.3432350801936,9,1,0
0.5028745145716226,0,1,2,13471.074580315868,1115.0774180724409,4,3,0
0.056376716648283795,1,3,1,6448.009534768736,32172.36525099222,2,2,0
1.4107381064738898,1,0,0,7937.312600881696,6357.238992391068,5,0,0
1.0477794492444577,2,2,1,33640.95276810757,3586.3848181475346,3,1,0
0.07927663107058872,1,2,0,8053.313670419582,1463.9089898024795,2,6,0
0.48993888151555404,0,2,2,1807.7947686373295,1037.0407233994663,5,4,0
3.583291426634011,1,3,1,7201.25463176923,432585.83488680876,5,2,0
0.4107908282131156,0,1,0,43482.71290994287,15807.460628739125,3,4,0
0.23479629147820463,0,1,0,84369.49672214683,913.9189812751988,4,5,0
1.0084081642104543,1,2,2,82689.30651912822,14410.779712360161,2,0,0
6.36605547392289,2,0,2,51479.8726790882,67780.67159671492,9,0,0
0.4157172203395893,1,0,2,15737.679246690645,11328.027290618824,13,4,0
1.67273251544594,0,1,1,49504.96259213732,126505.70491387854,4,3,0
2.1508314393591945,0,0,0,20238.230295863414,370.3223030779942,3,4,0
0.4069997585037087,1,1,2,27617.15110740009,151.01148676900746,9,1,0
1.9541233927384742,2,2,1,3365.549489426663,13643.723031916632,2,3,0
0.687784198896456,2,1,1,24046.624867152077,14086.783364559615,4,4,0
1.500755621597657,0,1,1,46973.198271842455,10.185851438569825,7,2,0
1.5057567407064574,0,2,2,43575.68659451303,2328.1932523782325,3,5,0
1.1510778749285233,2,0,2,1677.3357456242675,1077.7980230295873,4,2,0
0.14194373821743145,1,1,0,26702.742455606152,500.7502724319897,7,4,0
2.7054671913694452,0,1,0,1226.869209214517,1072.6810747107108,3,2,0
0.5802154405010949,0,2,2,31174.423945218077,26677.49495016314,8,3,0
0.3096481599113348,2,0,1,5417.1526593684075,1059.1160852785513,6,3,0
0.062444639691517805,1,1,1,667494.1365684809,1134.2826808132797,6,0,0
1.3406676068918753,2,2,1,27958.78271084239,318.1075020092094,8,5,0
1.6977776014010233,1,1,0,109352.07915068556,102520.62584074991,3,5,0
0.025090421337705927,1,3,1,1501154.8563004911,19327.123112527857,6,2,0
1.0764458768242324,1,2,0,4294.955089155857,55.439237112736706,5,2,0
0.38523622058243645,0,0,0,52646.22535406141,1136.28544707828,8,1,0
1.554186512321538,2,0,1,2055.3018083715947,23319.280083661444,10,0,0
0.2874063338087006,2,0,1,43905.462265259164,105112.35429573078,2,5,0
0.01,1,0,2,75269737.44952875,43550.545965935744,40,2,1
0.7334380514716526,0,1,2,6274.402693085774,3978.396706219154,6,5,0
4.140515726706461,0,1,1,3744.679731781051,170.24631129863832,4,3,0
0.22191662015891842,2,0,0,18354.89422102604,46189.04777515763,6,1,0
0.6256986509927576,0,0,0,1318011.3112984882,4474.752390109516,4,1,0
0.1806664275554946,0,0,0,102958.14649333798,9299.57546551583,7,4,0
3.8792855957260857,1,1,0,3605.3376102466955,5682.571417292252,5,5,0
3.147500560741491,0,0,0,404384.3899901925,538.5826683839864,1,1,0
0.44749105509223336,1,0,2,804.2209262562767,16789.35652507689,4,0,0
1.6181441085658719,2,3,1,1580288.9335269534,12745.302638928695,12,1,0
2.549226108958832,0,3,2,122137.33166749231,3457.919249474996,10,7,0
1.215198541029762,2,0,0,749464.9867925941,20789.67191295671,4,4,0
0.01,2,2,0,81599.13735121422,519.0503568543335,30,5,1
0.4153155681568547,0,0,0,30911.503084540815,4731.485295871663,6,2,0
0.1465892107124111,0,3,0,16851.958270618008,8537.768440231372,6,4,0
3.412684837791784,2,2,1,2939.636029287098,252.18040789764547,5,4,0
3.46016164147264,0,2,0,1649.0468931768753,7228.644235887672,2,0,0
1.5040048792243272,1,0,1,60728.1434289257,35146.85056485378,9,3,0
0.6210697647169858,1,3,0,72799.43085491667,4418.423122993785,6,3,0
0.6443514237174659,0,3,1,296543.1723661523,7568.651513567387,4,5,0
1.9416981445906771,2,2,2,8047.831001877279,24951.471526745223,6,3,0
3.411146023660878,0,0,0,16593.73311195236,3730.8813898371077,8,5,0
3.27169885409492,0,1,1,1387.2520821275918,4466.700183053441,2,4,0
2.2703432878963548,2,1,2,480014.51595009206,770.1559069688738,2,0,0
1.5409660403515575,2,3,0,25313.577111951585,7864.595984274062,6,2,0
0.1318375892941261,1,1,0,93449.550539896,4147.674243145436,6,1,0
0.2644413220251173,2,3,0,100288.94938148053,21986.40507308835,4,3,0
3.4323457502662587,1,3,1,407670.41257093346,25007.22115560449,9,5,0
1.3987409204483843,2,3,1,4176.383941978091,39435.356974873124,3,6,0
0.013859408416491614,0,1,2,88891.62416479607,2932.115039872564,5,2,0
0.160495352153924,1,3,1,20951.857551908677,104.25479228174052,8,2,0
1.6337435809353615,1,2,1,1485636.9082006952,35713.337339037724,5,6,0
0.0076116555776955044,1,0,0,4151.6936649589,19191.86803002985,5,9,0
0.2629737241562986,0,0,0,229315.18628098792,2274.2754351851386,7,3,0
1.1935467692083974,0,3,0,44386.1853152267,24584.720206803202,4,0,0
1.7659729299822189,0,0,0,39963.11522917939,447.1170400781132,6,3,0
0.01,0,1,0,2453955.1752284006,63607.103016436944,50,1,1
0.38092480096203674,0,1,0,325569.6335386526,4157.839620691906,6,3,0
1.8681259333478084,1,0,0,37335.63091747647,1544.020139149414,5,3,0
0.40623563857920886,0,1,2,1044.370221377443,2336.9381941394217,5,2,0
0.5904523633771267,1,0,2,252459.75716329544,5100.174470348745,4,0,0
0.01,0,0,2,17497592.364396825,7910.734023832932,40,4,1
1.573160721454152,2,0,2,71273.1792780653,8924.544427425086,5,3,0
2.8379341161951013,1,3,0,2305.499743762471,3431.611009911426,3,2,0
1.6077199322546436,2,0,2,3145.62941025344,12094.174228505011,5,1,0
1.260066458380886,1,3,0,515.4881055267075,8238.37626829311,7,3,0
0.14753559217261572,2,0,2,55307.275682940555,2219.093390618592,3,0,0
0.6876244608105301,0,0,1,1481.6362103899323,1641.9153753809985,0,4,0
0.46224022178824675,0,0,2,708.0383184089192,27357.09217102865,5,4,0
0.4195503054936319,0,1,2,282089.09467897314,23124.595538388254,4,1,0
5.418464109244389,1,3,0,102371.03895961812,9084.025499705635,1,3,0
0.7490812455600356,2,3,2,11312.42174412839,51451.29607877624,5,3,0
3.339082816872784,0,0,1,16846.64546029033,160.34771687687874,5,3,0
1.4960015786047247,2,0,0,178.6290994518654,2620.7366385435507,3,6,0
0.01,2,1,0,13779051.976284076,802.2062748287365,10,5,1
1.0476529865831556,0,1,2,5511.19673044655,738624.188715224,5,5,0
1.2902338539623774,0,1,0,42641.43560323471,33740.0096055099,11,3,0
1.0174401500125403,2,3,0,151.84730998972984,6917.958790885797,5,2,0
0.3258223429878577,0,3,0,155614.34287264783,38947.939848508555,5,5,0
1.9226427045987058,0,3,0,4886.885469406759,75550.10273366579,7,5,0
0.4943660525493944,0,0,0,1405.1726719777591,73958.79428041018,4,6,0
0.03692472162103292,1,3,0,11167.876103131042,51195.50274718722,1,1,0
1.5554531794429107,2,2,1,6682.246845740139,4793.036207782802,5,4,0
0.292400355337234,2,2,2,188817.31245592996,2972.8285759174473,7,1,0
4.231624720909955,1,1,1,9501.54556374803,1182.7785348117072,3,1,0
4.616343619182035,2,3,0,336123.54110489436,22134.539337631988,3,4,0
3.695264826950762,0,2,0,42628.794518183815,5896.584295860427,9,5,0
0.69343109474605,2,1,2,131759.79044553507,3508.900217327563,1,2,0
0.01,0,3,1,2193123.3643958424,3161.1060986238217,60,1,1
3.9532851859978346,1,0,2,280440.8097320886,147323.3722980496,6,5,0
0.838407415579592,0,2,1,2192.399794490324,54467.573704536924,5,5,0
0.01,2,0,0,2764634.78984674,315144.8685536229,40,1,1
4.970603214195308,2,3,2,9967.931222133127,23342.537054524008,7,3,0
2.8760805257691286,2,2,2,359783.2187854296,9080.721061572258,7,7,0
0.5231641022582404,1,3,0,441559.83184805117,7701.690263638253,6,3,0
0.01,1,0,2,2204503.131896131,1052.998308191621,50,2,1
2.8570899787171196,2,2,1,1663.9969655776865,650.1232865353835,3,2,0
0.01,0,0,1,5175077.224284534,22352.245030426904,50,5,1
0.27857792444363216,1,3,1,789.0112110489705,1249.6797269583678,3,2,0
1.2206054880903416,2,3,1,569369.904441017,12368.590424161488,1,2,0
4.126940206210563,2,0,0,8549.771690663654,75427.96442391026,2,3,0
1.7862383966369058,1,2,2,20720.10311937834,2141.1366972548863,6,2,0
1.2661685046534834,1,0,1,5642.586554891776,451785.7170960728,4,3,0
0.15334229602398433,1,3,0,3628.0000557381645,1117.2323144056884,9,2,0
1.4317960732765767,0,0,2,96238.29487766455,58711.41868096928,4,2,0
6.915854621769476,0,3,2,16038.80930640511,18949.112246536177,6,0,0
0.22638087996339623,2,0,0,23979.75179065556,88273.08260799816,8,7,0
1.0957429874722555,1,2,0,2957.849732363441,869.2274053504705,5,5,0
3.147912956851192,0,2,1,122041.74618076258,817529.1461551896,3,1,0
2.025051372530505,1,0,2,149578.92669676023,5667.196513798475,4,1,0
1.7911116379525096,2,0,2,14503.467333065983,31360.232194508673,3,2,0
1.8184313343367349,0,2,0,278130.0994021881,145651.92485108343,6,3,0
0.6682385134724237,0,3,2,17885.608813219307,2417.9512387042855,6,2,0
0.5213431264006427,0,2,1,104768.76814574527,42253.933366938654,9,3,0
2.4860617608895685,2,3,2,857.6060444060546,1732.0495713021585,5,4,0
2.491992298630543,1,0,0,44661.259768231124,132445.05523254204,5,3,0
3.0269250710518723,0,0,0,12797.908841280556,1771.6002931882904,3,9,0
3.6669239427549547,2,3,1,30062.83144274971,8751.793808194941,8,3,0
1.0741398553993555,1,0,1,27484.15157909427,14946.6339859044,6,4,0
1.0442765663267988,2,3,2,28322.15513618974,38894.16582027087,5,1,0
2.4014248984627313,1,1,2,75463.27995578693,415381.48455123545,1,4,0
1.5745786123317003,2,2,0,7112.810526817452,3281.520039713232,3,1,0
1.8158259727672754,1,1,1,68744.9473042246,79021.04975462906,2,4,0
2.382929212431307,0,3,1,259120.83239598983,416864.66230195353,7,2,0
3.3109852145201506,1,2,1,1312.5380572420602,11287.675228561966,2,5,0
0.6187236107064813,2,3,2,4623.557935239102,2696.5662942192466,2,3,0
0.7064051830913345,2,2,1,5028.762198422787,254.660814654601,8,4,0
0.14804405878104082,1,2,0,2479.738527393677,350302.21587749047,3,1,0
1.295121039914152,0,2,0,8523.688602720953,4969.683028779322,6,2,0
0.054906156316285495,0,2,2,173900.2313666794,1093.6576518784263,6,3,0
0.9399104222731645,1,3,2,398384.8787489496,535.5744084455233,2,6,0
1.173441878530689,1,2,1,27237.498917040524,1089.60619311296,5,5,0
0.5064459904717837,2,2,2,11516.406827983645,50991.31415187193,2,4,0
0.01,0,1,0,10973766.558598578,67220.73633664391,20,3,1
0.01,1,0,1,19481.74588142679,29859.064555135206,50,5,1
0.05709524892418408,0,0,0,2669.490891290306,10558.385472470622,4,3,0
2.5940270543072037,1,1,1,212.0324198073937,671.1272900532722,3,3,0
0.6698775363116171,1,1,2,2613.9050379932783,1882.0522978378162,5,5,0
0.203833561946142,0,3,1,4750.308993594514,886.0391869032516,8,5,0
1.1079803824185235,1,3,1,423099.96579964296,25479.81912745862,7,3,0
2.2044719106686026,1,3,0,88.04746707970094,966.2040485374846,5,4,0
0.364677005144855,2,1,0,9571.974639048962,1942.0662797297064,6,2,0
1.4628294279847394,1,1,1,76048.98448594063,5614.037934381784,3,2,0
0.13381654348484592,1,2,2,50084.222961910615,287.26343703005216,5,1,0
0.07959764386546411,1,3,2,409821.2086343053,8897.65343245854,8,3,0
1.1368634109382814,2,3,0,30397.114258859634,6540.011729354566,5,4,0
1.1668656640421133,0,3,2,46562.76009141886,86544.87044767413,6,1,0
1.5218061723069238,2,0,0,557.2346001236369,1572.2593022586102,5,3,0
1.9424408443750263,2,2,2,3051.7250004608063,602.8141639307393,5,5,0
5.585335513049989,0,3,1,623.027409062096,3834.8312139210607,7,1,0
1.0894366788455345,2,3,0,69231.84446103885,901.2812960249559,5,4,0
0.5850295711589681,0,3,0,44239.83486646873,8763.136638759675,4,1,0
2.378480969599029,2,0,1,41236.37089271574,196.39545936823828,7,9,0
0.47377719815420594,0,0,0,3778.69043599611,2414.648950105593,6,2,0
0.866975146909952,1,1,2,3146.6712950870697,1265.5431294436476,9,0,0
0.01,2,2,2,3348637.318936306,25223.065542450742,40,2,1
0.03851641431221157,2,1,0,5774.620936057372,1601.7796650533262,1,3,0
4.931069884902903,2,2,2,2861.7564891311963,251.59193835609813,8,1,0
2.711651463172594,2,0,0,7968.258631289749,5411.923241283641,5,2,0
1.7859640991990124,1,3,1,5875.320718641279,15363.844687387647,6,4,0
0.7887894666977129,2,1,0,3891.515894255772,4710.689719160018,5,1,0
0.2854598042131631,1,3,1,1897.8261270883263,2385.9542820627644,6,2,0
0.2551811123592812,1,1,2,54034.58246995566,2115.1389756133794,8,2,0
0.4320089836898754,1,0,1,494894.0008655572,10156.773125061838,2,0,0
1.1951859724699718,1,0,2,20373.52613912741,1367.9964477715532,4,2,0
1.8807739316651637,0,0,0,34367.5565206404,4200.815941458322,1,4,0
1.6190855245451976,0,1,2,64392.70988899917,36347.95205554784,6,5,0
0.4926183920834939,2,2,0,45850.04753279452,600.2545661715471,8,3,0
4.64715524783446,0,1,0,4048.7980706103,7425.430639088263,7,6,0
2.0085261073128393,0,2,1,686727.2128096346,226.3361252888733,6,2,0
1.212345722896997,2,1,1,4843.432645680315,12782.845299176743,4,3,0
1.4190457080561525,2,1,1,80513.22449222706,1144.1091501994167,3,4,0
0.01,2,0,1,6360088.184285748,62266.7980465342,60,5,1
0.4269919384110953,0,3,2,438.39350300263175,422.46448357073564,6,1,0
0.6600211939846686,0,3,2,10746.196598636825,19617.122751262945,3,3,0
2.1272727716350697,2,2,2,24667.87092534734,93177.55607739746,1,1,0
0.021747119581206415,1,3,0,28747.394695965922,1031.3472097012623,8,4,0
0.18507058835996407,2,1,2,40249.02387635614,1445.5283039675053,2,4,0
0.07064156542878079,1,1,2,100240.31638901395,1226.1184308841034,5,3,0
0.06237217787593864,1,0,2,21697.86768764952,3066.446330971051,4,1,0
2.901304550423488,2,0,1,44767.3848279189,22807.474687322312,6,3,0
1.8243609175510325,2,3,2,20132.502471979904,2604.4847247577936,4,0,0
0.9641768916193385,2,2,0,2879.3869517353364,860.9905679340404,5,2,0
0.1544353776717199,0,3,1,23501.10881742505,142.94966665029452,5,2,0
1.0147769486958498,1,3,0,98536.2410080013,199564.94736322685,6,8,0
0.9621754981415568,0,3,2,202314.10925710356,233512.58709561997,3,0,0
0.28529206920033745,0,3,1,64513.59882699281,24846.547269074086,5,0,0
0.8533486969534858,2,1,0,317648.4832896459,1602.3596629694991,5,4,0
0.7625049218748103,0,2,2,50905.66509225339,36148.9879109192,4,1,0
1.4350836493697017,2,1,0,123965.63180873482,54036.435796507845,4,0,0
1.512171804061368,1,2,0,143599.33412307524,4873.188561123192,4,4,0
0.0695434860308021,2,0,0,14091.103478165778,8802.025003232118,4,5,0
0.7040760069825923,0,3,2,94089.98260600909,95181.07975696825,6,4,0
1.474687492174093,0,1,2,3356.68851082904,304.62371263974484,6,3,0
1.0491591789116845,2,2,0,44339.210840484826,59685.57505074745,6,5,0
2.912024179763158,2,0,1,69846.2483630817,4366.392259833236,7,3,0
0.01,0,0,1,18026625.680488553,875.5422388615024,50,1,1
0.266779303150961,1,3,2,113722.73411158673,1032.1373759483213,8,1,0
0.01,1,2,2,18502169.48546314,1437.34901047257,40,0,1
1.5425912206633368,2,1,2,18056.10872001338,720.4374232275635,5,5,0
0.040303609001091645,1,3,2,11039.264438455368,280065.2662608587,1,3,0
1.322021066710936,0,1,2,12710.738727242584,21642.31872127624,7,2,0
4.225883183080728,2,0,1,37517.67599977437,68115.87017583953,5,2,0
1.2851736683663166,0,1,2,591.4079019239058,24952.68182136083,9,4,0
0.7369510383358608,0,1,0,316005.1976802845,9158.660532877797,5,3,0
1.5462407367674729,1,3,0,24046.547728986057,9409.834518623866,8,2,0
0.9194339610766369,2,1,1,9604.594294589377,3659.1081512506616,9,3,0
0.01,2,3,0,13984.960270644853,4308.8884392961545,50,3,1
4.257190719349499,1,0,1,20462.986316818122,484.82754596428634,9,2,0
0.7318912910252807,0,3,1,14809.838017794034,70520.04693592177,5,3,0
0.01,0,3,0,366252.1555282943,215.6234130507512,60,2,1
3.5363642756548788,0,2,2,5732.495958668699,975.3328710543535,3,2,0
0.326844391410675,0,1,0,20883.751828115197,453190.6885511259,5,3,0
0.01,2,0,0,679217.8990803248,10639.680839196873,50,4,1
0.15933800322244532,2,3,1,69130.83394907508,11561.326561069924,8,5,0
0.027584831770850554,1,0,0,4926.740157699834,28989.15563853339,7,4,0
0.14880751748363122,1,2,1,30007.926999022,372.1604259101624,8,3,0
1.7233123088657507,2,1,2,233302.39824599703,498.9037877594473,12,5,0
0.11077444041964053,2,3,2,20471.895532372648,3328.2812443940074,2,2,0
0.5762357824423028,0,1,2,44889.27800148861,1330.4574173462318,6,4,0
2.7952890601459157,0,2,0,39549.28026004249,6975.003231459887,4,3,0
0.03532050477106726,1,2,1,22381.584948829888,21398.981161572505,7,4,0
2.526795759278938,2,0,2,19263.852977798404,130395.3274952668,4,4,0
0.49662520025944423,1,3,1,7025.147968418375,41034.83748183503,4,1,0
0.01,2,0,1,2979287.592862581,1109.2579715018815,30,2,1
0.01,0,2,2,1249976.324012566,3827.900823667609,60,4,1
1.4870987646498304,1,1,2,485133.9592733342,2221.8815423409333,6,3,0
3.14912372113042,1,0,1,111556.5056026588,1060.9056848585703,4,3,0
1.9924403681466005,2,0,2,1205.208919678631,672.9356945571377,7,6,0
2.4404937089909673,0,1,1,1347.0657717814502,226075.60901078864,6,4,0
0.49700079346010784,1,0,1,16967.928152155233,8277.402467155482,6,6,0
0.2929999440606704,0,1,2,9990.491255122572,5174.715220635602,6,4,0
2.083134594008137,1,3,0,15269.492515227894,21343.76915464547,2,1,0
0.01,0,1,2,8100959.806826908,23564.395992613972,40,4,1
6.985507335210346,2,3,0,41418.039339795265,75936.39093300178,2,3,0
0.7981190312289075,1,1,1,40589.24710645651,1831.108450763536,4,5,0
0.6978658679425991,1,2,1,397277.1118837391,18132.19621985235,4,3,0
2.2469317550153804,0,2,0,1369.521779264173,1309.8292278770484,3,2,0
0.6251005063961297,0,3,1,27115.957421051535,5539.636215552414,5,1,0
4.005206886598989,1,3,0,6918.0893438376825,9076.873955814874,6,2,0
2.9322587357493735,2,2,0,388819.91488889494,11036.552432956234,4,5,0
0.8405334141632395,0,3,1,265.41557053394104,10103.550863580256,4,2,0
2.0846770747431917,0,1,0,289.7553159048745,40282.079237068465,2,5,0
2.106949480282526,0,1,2,40508.72219294262,2455.3466160143644,9,4,0
0.16325627821007704,1,2,2,209523.90537746003,11653.345041508252,9,1,0
3.492668521301448,1,0,1,103415.34586177426,1776.1268063217494,8,2,0
1.0555612346351315,1,1,1,4438.351991170133,2789868.8116324493,6,1,0
2.626998836284995,1,3,0,448132.14929411473,1305.4085873040226,8,2,0
0.5786031392467624,2,0,0,1876.3102658625244,1995.5893341930932,4,2,0
3.3881857718188892,2,0,0,301030.95503366756,47348.77153969496,7,3,0
0.7394826810902568,1,1,0,2444.371953758058,3432.5877885305586,6,3,0
0.01634520992276322,2,1,2,10898.186250400553,47386.480970134166,6,6,0
3.5368609454436806,0,0,2,79105.61012582315,11004.341849051783,7,6,0
0.14358841582271287,0,0,1,1173.3102872791333,3617.800295302523,2,2,0
0.5769804500775584,0,2,0,415836.2346716007,1798.1062410592317,7,4,0
4.495458574782428,1,3,0,10765.612840892793,1672.921664846074,6,5,0
4.511924310155984,0,2,1,28985.53731681612,3697.2996023711885,6,3,0
1.2779959365828957,2,1,0,225122.86033284917,5717.045119007503,6,3,0
1.498845120585787,1,2,0,4508.63312320833,1534.9260963351444,5,3,0
0.8925219954342865,2,2,0,183804.3898593992,6512.8676642218215,7,5,0
0.5205341681192955,0,2,0,585995.3549286055,908.4768579177714,5,2,0
0.5977295018255846,0,2,0,5936.304052636957,36746.65327667355,9,3,0
1.6744853698927593,0,3,1,340706.04459750134,53891.32506319999,6,3,0
2.093756810494616,1,3,0,651.2169293547489,1980.9852869386068,5,3,0
2.352293124331723,2,0,1,48011.73742039645,1771.6274914069677,3,2,0
2.3382465477731125,1,1,0,1887.1121349550501,11566.099182363338,10,3,0
0.14345541981047916,1,2,2,145094.00142883116,101796.62059788663,3,2,0
1.0230743948600338,0,0,2,123119.67106463162,158471.06944941616,4,5,0
0.0889225596731067,1,0,2,1403893.4792119341,490.0534925068014,4,4,0
1.1961919735430895,1,0,2,377968.4350306308,60633.91441354221,5,4,0
0.8738329124809253,0,3,1,15810.943483475106,7164.498351971415,8,2,0
3.279927996331202,1,2,1,2531.342378508929,7447.402546313016,2,3,0
0.6482874292018277,0,2,0,68280.13536048206,22235.040653540054,12,5,0
0.1867589663286763,0,1,2,19507.166292696515,3096.677554652506,4,2,0
0.23146148181317905,0,2,1,490073.2208314123,72649.46204459251,2,5,0
2.150145820618641,0,2,0,289.2346548541855,139793.90971179926,3,0,0
1.4443585196220525,1,0,0,1751728.405162539,150628.00828895508,1,2,0
0.15991306836807817,0,1,1,63830.16831824074,202.78989102734852,8,0,0
0.1317832825029076,0,2,2,4332.828134180795,5118.851940623211,8,1,0
1.8108127074796496,1,3,0,95604.81413546312,168.9391904558422,6,3,0
0.11331913428869571,1,2,2,295033.1029981114,1753.6241636515092,3,4,0
2.5877787807128723,2,0,2,27686.322083070037,67.02074898160555,5,3,0
1.8374996296950075,1,3,2,645.5865166263558,19941.001526868113,5,6,0
0.1272731258704681,1,0,0,12238.05853796105,12564.356954615363,5,3,0
0.13298080166671003,2,2,2,176096.97314876984,3411.126224575163,3,3,0
6.473187843087138,1,3,0,59476.07848681982,1665.2054345199138,9,5,0
0.7032563738284343,1,1,2,16106.624699008145,15184.998044589576,6,5,0
0.6945828907129687,1,1,0,301532.07124562364,1071.8654891918875,7,1,0
2.5133631049240157,1,3,2,96626.825821497,935.4949714682646,5,3,0
4.413246806944866,2,3,1,112721.82216780905,731.5514816144047,4,3,0
6.403160909402976,1,0,2,9688.846097788046,5390.094189022916,4,4,0
2.0998488451745128,1,3,2,7984.30194874535,2528.50844625201,3,6,0
0.7080314994286885,2,0,0,735.154409891582,3757.555767145409,11,4,0
0.13079099054693588,0,2,0,13111.126346413395,23008.465215343203,4,5,0
2.2518638106819386,2,0,2,143026.34279072713,55636.41487875253,6,4,0
1.2260406113422395,0,3,1,14644.401715744934,147408.3004831206,8,3,0
0.8280496879574606,2,3,1,53695.135674855315,9138.704875971087,4,2,0
3.552356513217136,2,2,0,203292.0132500879,16239.116428533462,10,3,0
0.17682031195782036,1,3,1,46428.370455539065,11821.7072067038,4,2,0
1.0177576640594315,0,3,2,56445.42513551711,284.75484080393267,6,4,0
0.017127884148812503,1,1,0,1457.3209683446603,3868.437230492533,6,3,0
0.9485315543743893,0,1,2,11554.96428456201,3904.1819579123526,5,2,0
0.08692564659888866,2,2,0,696103.066909497,2917.1848812146372,4,4,0
0.18973649389675684,2,0,0,27108.276392847118,7466.04989759342,7,1,0
0.1875393480111844,0,1,0,978206.7857047468,5224.105644009353,3,3,0
1.5713525796104575,1,0,0,5186.263313509951,1127.036017365613,6,3,0
2.055896576394709,1,3,1,35168.107159370935,5990.607423962661,5,3,0
1.313330665804303,1,1,2,10246.004717229942,2257.2424803054696,2,4,0
4.912080313653566,1,2,2,71967.4613568046,43.01352263617711,5,0,0
0.7046948668804007,2,2,2,131928.75699337805,495.64609771342924,1,2,0
0.5047037361308381,2,2,0,73492.02613832922,9680.111043358484,3,2,0
3.0442538072553447,2,1,1,176964.47540683582,71954.02326815658,6,2,0
0.37962310159778007,2,0,2,21453.734740049546,63.15509235904674,6,5,0
4.954305159377866,2,3,1,15047.140688810156,1421.1429660375113,12,2,0
0.018343416538453963,1,0,0,654.3314225779036,19204.64907426493,3,2,0
5.253790384319222,1,0,2,78976.20395610915,46928.99189425752,4,2,0
0.06617849792775285,1,3,1,31081.50368673445,3497.392174815491,3,3,0
3.326581843740013,1,3,0,19228.917117888093,2068.202772231588,4,3,0
1.1252148755240854,2,1,1,15038.44481788651,92913.24615976171,0,5,0
7.435242911889049,2,1,2,20460.28312348608,39822.42249865465,7,3,0
0.1149920639316824,2,1,2,13732.598486923494,45127.03520671691,7,2,0
1.2106644956000232,0,1,0,7661.264465016367,3177.5698802050933,3,6,0
5.2253628318840075,1,1,0,35567.15083282824,75161.05388887979,4,5,0
1.110665899771566,1,3,0,58006.9574208234,165.64758244313475,6,4,0
1.488942435571781,2,0,1,4716.697593122975,77843.8505643377,4,3,0
1.7848518571751613,1,1,1,9882.57971705691,7093.510940768749,3,3,0
0.9091916335154263,1,1,1,14628.932099539637,10486.755746574772,4,1,0
1.481511259512033,2,0,0,22239.529993458982,1223.5291208239487,7,2,0
1.3167387927086334,0,1,2,17045.287658218695,215.2816786232921,5,5,0
3.4713491542239714,0,0,2,82408.37913941705,10050.807872536021,4,2,0
0.06976719261522146,0,0,1,808.5689595622894,24410.99926322789,11,5,0
0.4947640888481377,2,3,1,1152.7729771105257,33037.04443996764,2,5,0
4.505994008791397,1,2,2,32439.717457842475,26623.703091559335,4,2,0
3.314513742680229,2,3,2,6598.702411349881,16921.21417110025,5,5,0
0.9122628929394301,2,2,1,129118.33798371819,1277.202128804828,4,5,0
1.4518995431084658,1,2,1,228570.9410342125,37607.25056788327,4,2,0
0.48731012984269517,0,2,2,35154.02334482918,1021.2220782579344,1,4,0
0.3126062421540967,0,1,0,2581.304492678747,74170.99665862946,2,1,0
0.9345878982061482,2,3,1,181531.96492214926,6850.2214718301675,9,3,0
0.6539303019251,0,2,2,32787.58853048522,7321.580948955546,6,6,0
1.3143655590099645,2,0,2,1125.6636535180305,45791.475879399884,7,4,0
0.12138342664977719,2,1,2,1343.4022986088946,60050.26563537446,6,2,0
5.497440183783851,1,3,2,457665.377574934,37845.87832289412,4,6,0
6.425798363328807,1,2,0,328493.33467636444,1570.3978924090507,10,5,0
1.796795822869184,1,0,2,143.41086835969986,37247.46250726682,3,4,0
0.01,2,3,1,145741.2977108905,1588.30196825116,90,7,1
0.55556895233154,1,3,0,215714.4866538578,39175.34224334815,0,5,0
2.5213607512319953,0,1,2,21226.694078032204,468.5644260826829,8,4,0
1.7314943754732235,0,3,0,89652.69778398945,6718.63223352704,7,3,0
0.26621048115073254,2,1,1,19459.574843806156,1569.037606643757,1,2,0
3.627451637998691,2,2,2,81551.09050149542,46160.11095557488,3,3,0
2.593491767050907,1,1,1,22284.955607214677,75382.73493829652,4,3,0
4.487607787550154,2,0,2,9180.009206365281,12064.144012882613,4,3,0
1.9404060062942015,2,1,2,183045.06527304766,11296.161851859968,5,3,0
1.4256060293870592,0,0,2,32994.931312194734,33135.29292927238,8,0,0
0.01,0,1,2,8120868.125862636,76284.85920479082,80,6,1
4.048527542320677,1,3,2,30178.826551972154,8730.887890432283,4,3,0
3.0155885700703804,2,2,0,8327.23055004732,2982.8943010255557,1,4,0
0.06940940797968417,2,0,2,549508.0062120947,29570.572481760402,7,0,0
0.04008122529976704,0,1,2,44798.794498048395,196.87032392635732,3,1,0
0.7085216423748943,2,1,0,10828.130592114367,49976.24537997598,2,2,0
0.01,0,1,0,28397995.697961263,1957.89677309633,70,1,1
6.5464132023302515,1,3,0,1569.2490192888008,5011.769209926798,2,4,0
0.2445142649017195,0,3,0,1929106.1166379168,50620.0309864101,8,2,0
1.3525861953236036,2,0,0,15393.497895607998,3529.745204241296,6,4,0
0.7192105496371441,1,0,0,1744.0610075200173,29578.935756918192,4,4,0
5.255562831563944,0,3,2,996378.7116880245,79048.55067194757,6,2,0
2.768869811150452,0,0,2,8722.53140797775,10097.73257493694,5,5,0
2.733285069704786,1,2,1,35828.14869067064,15106.740465566181,3,5,0
0.9486233567096602,1,2,2,92538.63230758287,6381.307241342838,9,1,0
0.8037524044910236,0,3,2,235236.12015901835,10210.746204377818,5,5,0
0.47908333822509186,2,0,0,40116.74581291726,868.8673267200976,5,2,0
0.08704044576725432,0,1,0,6035.229634961808,4503.111255114362,6,1,0
3.0006392100049655,1,2,2,34131.80910065067,616.2105986525164,5,5,0
2.5141761588748843,0,3,1,9522.08302822268,1342.7372736901573,4,6,0
12.258668396727124,1,0,0,36243.790633046636,147.54038850276842,3,1,0
8.542310101116499,1,3,2,571659.6589907506,13737.111348240198,2,5,0
1.215977388962091,2,1,2,99892.549601063,238757.65741112447,6,3,0
2.1979246353093913,1,2,1,33299.34067412443,3254.4824150285417,3,0,0
4.344257524311654,1,3,1,96469.45080249161,55841.197429521504,4,1,0
2.8421580220638685,2,3,0,111319.67585650741,76986.52088216781,6,5,0
0.4262286668717198,1,3,1,2551.0282548302753,736.3647139893818,4,2,0
0.8982402410997967,2,1,2,23943.338505827953,1132.7597202500033,7,3,0
0.20744451646963297,2,3,2,3704486.900267257,58782.30638032504,9,3,0
4.620335679662563,1,1,1,249108.03829112556,6736.644787940528,10,4,0
1.3977715538829272,1,1,1,8047.597524256993,613.0351453779394,7,3,0
0.3894055881277255,0,1,1,6591.816324227532,2267.15455943366,6,4,0
1.6707443087598755,2,2,1,6166.881463118813,18756.966135463565,5,3,0
1.4440056521146074,0,2,0,124572.0946178102,1655.9442216349323,4,7,0
0.6651306934456591,1,3,1,548686.128592353,31.529583667204577,2,3,0
0.1808086820977039,0,3,0,70568.14297243097,4255.52596997999,3,3,0
1.670161925278653,2,2,2,30161.594831055885,5004.103787553148,4,1,0
1.1019156362790565,0,0,1,9060.58788349114,8253.997176935443,10,3,0
2.2197106214407727,2,2,0,42563.241797426694,100485.30195472167,2,2,0
1.1014647906352726,1,1,1,4271.654747355764,9018.610871305267,1,5,0
2.867655166962726,1,2,2,458.733258778738,13172.34333733274,4,6,0
1.2041311785322313,2,1,2,581665.8263185165,66908.00848841366,9,4,0
1.2346718714702207,1,3,2,2946.503992503761,8272.466842858646,6,4,0
3.1391379648446573,1,0,1,11502.679102585931,581311.1825121586,10,2,0
0.7749709709821755,1,3,1,81855.8376240565,647.1534332392263,6,3,0
0.2158319330854484,1,1,0,388067.1764082632,1251.0075852330638,4,5,0
0.04380753214814202,2,1,2,36837.11975759922,27664.819104949955,4,2,0
2.1105861789938785,0,1,1,2023.487981179058,99571.08258022701,9,3,0
1.4525984505910194,0,0,2,12055.871728586571,5423.030148827635,5,3,0
1.8264980216968147,1,2,2,5670.480797986924,1073.5837803924903,4,3,0
0.3592222402401652,0,3,0,20405.871255322072,274300.40967421606,2,4,0
0.21991882684241798,0,3,0,258840.919755425,1661.1446806932072,5,3,0
0.021977214398503173,1,2,0,137.72002332838022,15964.278352284511,4,0,0
0.6475308922726039,1,3,0,9674.224309402127,112229.7762905107,5,3,0
1.337096063497417,0,0,2,8365.7454701945,3350.247669089901,2,2,0
0.7469728013417261,2,3,0,1783.757387269074,2334.946658429932,6,6,0
0.8629793442426468,1,1,0,71038.80013268223,2677.4617484874902,5,1,0
3.5175922844721623,2,2,0,1299.9073299408929,49173.124987699775,4,2,0
0.6421539216376676,0,0,0,1636.3303814191472,67527.8517587645,4,2,0
1.0822875421084817,1,2,2,120829.8247990283,8668.497738374013,2,1,0
2.2963076065795525,2,0,0,442919.2435434653,350166.66510505835,4,4,0
0.7576201969487696,1,1,2,18916.814521813067,8638.058436437044,6,5,0
1.459635713029628,0,2,1,1929.8696910357685,107437.70050124485,5,2,0
2.97471096552646,2,3,2,5371.657593188423,3415.218633567712,7,4,0
4.479285623062001,0,0,2,165380.45631942974,862433.2791698097,1,4,0
0.01,0,2,0,2780236.8150676093,187261.78397207428,20,3,1
3.9174941445631184,1,3,1,17996.317745131622,6273.255572534464,5,4,0
1.016254171493296,2,2,1,41196.122623396914,142782.87767102596,6,2,0
0.4481031815270936,0,2,1,20428.374350239414,129050.74554946205,8,2,0
0.9218804510560463,0,2,1,484767.46208252123,180969.2040832126,5,3,0
5.870479646370887,2,0,2,4923.197371233544,56.60103824314667,9,3,0
1.0177369390010396,0,3,1,3913.086650897673,34156.3194814905,1,2,0
0.5979240481507497,0,1,2,1384.4980911242556,23970.93991048516,3,2,0
1.5052294109364892,2,0,2,7480.274203724906,20788.319841609722,5,6,0
0.4119427015734044,2,0,2,2480.087326078917,12540.176220953575,4,2,0
0.11834295746435256,2,0,1,34069.2677294498,13301.373226983535,2,4,0
0.20696282956862377,2,1,0,22968.86152859745,105480.41877003167,4,2,0
0.01,1,3,0,254490.60171234977,23835.867127062094,20,4,1
0.24713985233500946,2,3,1,71559.08263768637,12504.112728612257,3,3,0
0.22419009910127483,1,3,0,457542.8105350022,79123.2490009089,9,0,0
1.5361260766137097,1,2,0,45056.68746177773,18695.765938857112,5,4,0
0.30111953555172244,1,2,2,136.0474380474978,22632.378901900025,2,2,0
0.6362089736922079,0,2,2,1172046.5202063853,339108.101029173,6,2,0
3.4064611876925364,1,1,1,98110.23163648057,3398.327150276239,6,3,0
0.9635717124698905,1,2,1,1102219.581799217,390.9498626307467,6,6,0
1.6519336254785708,0,1,0,195135.05202219772,9364.928892793352,4,5,0
0.28369277566982476,0,3,2,290986.1171831252,12445.15525374018,8,5,0
0.3203264714926426,0,2,1,33207.591460073374,34305.40012862854,5,0,0
0.06259081907634796,2,2,1,13035.190954408044,10043.00678837314,8,4,0
0.2775710160983713,0,0,1,46488.59884876272,36689.228439272316,9,4,0
0.4898221779467183,0,1,1,5337.0579770690865,1213759.7852378918,5,3,0
0.01,1,3,1,5245766.287405558,40256.575572080554,60,4,1
0.13932886179055137,0,0,1,115.17209468698637,57218.388449937695,6,2,0
0.19283432024002878,2,0,0,24001.3291831753,6253.753888287257,6,2,0
0.9264440150480686,0,3,2,324276.634348624,507.49447339033975,6,1,0
0.34663830951764485,2,0,2,26598.68767051797,81.75907605877163,2,5,0
0.6794716732663778,0,1,1,697296.138957998,2871.6407512400892,2,2,0
1.0500077770714955,0,1,2,12997.459890360728,46.49090434935011,6,0,0
1.7586861510188134,0,2,2,163619.98051416257,22631.50067698559,8,3,0
0.06015859515002314,0,0,2,3802.6742669397854,3768.250186376339,6,3,0
0.01,2,2,1,15083069.160969365,585.9592612150337,80,4,1
1.4828905355509445,2,0,1,35073.10289664157,10527.521895761221,5,2,0
0.1279431455645014,1,1,2,14192.926821297584,1849.6202240777895,6,4,0
3.1022020477321357,2,1,2,128.0263074648752,19961.336515168503,8,4,0
3.805040319568392,0,1,1,13243.292123433293,33364.664159853324,2,0,0
0.0945342413402451,1,0,0,33755.74954092036,1990.8792892475963,8,1,0
0.4862652646929762,1,1,2,115545.40752616097,5041.392627206228,2,4,0
2.461402774839964,1,0,0,499768.1641613794,12453.92991212454,8,1,0
2.0690358603214625,0,2,2,1289887.2929720976,485.8575980876522,3,3,0
0.3059694480927007,2,0,0,266341.52325337566,12451.73246159957,9,2,0
0.3523485467722999,0,2,0,7156.807992096254,463.1091186929452,7,3,0
0.6941776650365545,1,0,0,11972.789603285088,25120.36018629518,7,0,0
0.9939938470029216,0,2,1,96551.4148763415,3393.6885433459333,4,0,0
1.4445027510878279,0,1,0,62269.618399967636,458.0207697621124,8,4,0
0.6904688445005267,2,2,0,571884.266606503,2540.338964548154,3,1,0
0.9313366638313765,2,1,0,3137004.2357277228,2764.5988930069925,5,2,0
2.0643434105847636,1,1,2,2052071.6261533713,68668.21907757405,3,1,0
0.05605942848221769,0,2,0,437082.13116881624,11459.90153957373,4,5,0
0.4364049328235958,0,0,2,63310.42571987926,1196.8460509369083,2,1,0
1.8742378124340386,2,0,0,327305.781937281,219286.10559108178,2,3,0
3.38365013149592,0,3,0,611018.2015352738,28366.972379504845,5,2,0
1.0751686683126014,0,0,1,16405.94758172049,4135.465856248342,9,3,0
1.1392942535296033,0,3,2,7590.69212261437,362.2489304255486,6,1,0
0.17004200781099507,2,0,0,4746.477295336718,3466.195386575232,5,5,0
0.8897148691253263,1,0,2,3817.0400037596382,5213.328668723491,1,1,0
1.1409101985829349,1,1,2,1388.5417223675374,16950.70428868948,6,3,0
0.41653920489097995,0,3,1,36308.36441029985,27296.47956839846,6,4,0
0.47051191781781576,1,0,1,2982.432130559818,40666.67300148406,3,4,0
0.710497477203708,2,3,1,4596.0643111776135,322.81039494943946,4,1,0
0.030413041125471774,2,1,1,89546.30263425561,12295.758473372754,4,4,0
0.5830871418842036,1,1,1,31672.94522443765,5888.569332914261,4,1,0
0.3563354034354448,1,3,1,52013.04758924212,1716768.928744072,5,2,0
0.595123845347974,0,1,1,337829.8089318457,9222.384246564257,7,3,0
0.1913446549271719,1,2,1,124126.91349274624,2332.4945661111356,7,5,0
0.01,0,2,0,45944437.72744144,10104.51581633895,50,3,1
1.3505982208193397,0,1,2,25847.081948378847,7965.407831458084,13,5,0
1.7049494368395475,2,2,1,553258.8104167861,151.70250297105497,8,1,0
2.335063548566687,2,0,1,45228.08528470112,18335.767268518655,2,2,0
1.0350546327733277,2,3,2,30866.061384189747,4354.146196052079,3,2,0
0.13639814177618376,2,0,0,409647.540871486,7681.864496654147,5,4,0
1.1553875449422337,1,3,2,3849.477260667639,1412.1419331349891,9,1,0
1.3258845868070603,2,1,2,1260729.5698958267,908.8422525561205,7,2,0
2.052324973212614,1,0,1,12528.984008995356,46993.50445947039,6,1,0
0.01,2,1,2,192712.40806090686,74377.83895073629,70,2,1
0.20472700009396833,1,1,2,81389.69151544455,18698.474292438103,5,4,0
0.5006432703925559,0,3,1,10356.369082942887,216.6763572261861,6,1,0
0.6766722382119352,1,3,1,1266305.5253649622,21292.852212959602,4,8,0
1.5573369174327925,1,3,1,9266.84599155196,223.21309481821817,3,6,0
1.2686725818021294,2,0,1,41311.567922429254,2159.5361458897937,7,4,0
0.6603101394777092,1,2,2,1272.5949582807034,45757.77023637343,6,4,0
6.459293658254719,0,3,2,111952.33617100753,30187.9151719667,4,2,0
1.3962495127008139,0,3,0,4652.778505895881,20210.038776343205,5,3,0
0.40619179313519993,2,0,0,88137.1480357511,111949.74092702773,5,5,0
0.16101450693733027,0,3,2,9351.66349711911,24835.523211271084,3,3,0
0.24883243888473883,1,0,0,367.282250189475,142.8737752526402,2,3,0
0.01,0,1,2,2863486.1288381615,3869.7233879495893,10,1,1
0.26274731243144106,2,3,0,26182.775088131897,7456.065077537795,3,3,0
0.3097376181818706,1,3,1,128302.12936677432,5898.872715454059,2,3,0
0.5034087723231698,2,1,0,494845.63462751993,2358.3786513886253,6,3,0
0.2856036504943305,1,1,1,1009351.7184693195,1032.4477653266788,4,3,0
3.406127174033873,0,1,1,124033.68078531673,986077.2120822101,4,2,0
0.12545356888800024,2,3,1,38454.783831234985,3723.8387959662564,7,3,0
1.115118525169054,2,2,1,1268.1733296579634,893770.3185276629,4,3,0
0.01,1,2,0,3299270.8912108764,826.6812491927823,30,5,1
6.057963249023881,2,2,2,33856.29876900364,30155.425539293476,4,1,0
0.17824101854610735,1,3,1,14804.988750458358,12826.682272473674,4,3,0
0.7608869906136456,1,1,0,78114.83770497736,1281.902967027373,5,5,0
5.233589496190072,1,3,1,207691.9854478169,3180.792887409552,6,2,0
3.009366092952232,1,1,0,4286.355593778792,7861.556244263094,3,2,0
2.547994551054269,0,3,0,4154.848695569298,1497.8211518599983,4,2,0
0.44741262530025694,1,3,0,16670.833532539153,4854.778768534734,3,3,0
0.2810992991797313,2,1,2,6435.2220020238665,71.53559437251107,2,1,0
1.6568393980226754,0,2,0,826.7427605278356,33625.230790463036,0,2,0
3.975577642439933,2,1,0,3001.3411788156654,94306.30695944777,5,1,0
1.2204756328571134,0,0,2,1873.1142630051545,20105.072290993783,4,2,0
1.2715913421878797,1,0,2,246940.0851732189,750516.0051985001,7,2,0
0.49271254621597627,0,1,0,663745.4602843049,31703.819932238323,1,2,0
2.2012106376181326,0,3,2,2462.9943038025667,79667.68125279047,3,3,0
0.31061697321910625,2,0,1,65653.554816806,96444.75776536587,5,2,0
0.586631719678849,2,0,1,126378.01946551036,33.048404402068336,5,1,0
0.8312168251047458,1,3,2,1113.7215417069249,18908.113553961066,7,4,0
1.0627274439670478,0,3,2,30392.705087095204,509.8569006401783,2,3,0
0.41641887535440875,0,2,0,3495658.509693994,763.7137887005224,4,3,0
0.18297490821620316,0,3,2,85331.05478640372,1081.4450730946594,4,1,0
1.4147994861440347,1,1,0,13485.885747636972,4335.39671725554,4,7,0
0.5108450526548127,1,1,1,7184.110200399038,29759.98311204896,6,5,0
1.3056796024386654,1,2,2,385.70654358869876,19302.302147116035,8,1,0
0.2514971291560197,1,0,0,56440.784875150624,7901.731837485486,6,5,0
0.9841820670427913,1,0,0,1083420.3381036362,34384.696748262046,5,3,0
1.1408208721936166,2,3,1,4328.223636471367,38830.94049179281,3,7,0
0.07982197718568199,0,1,2,458.8992288490676,19638.523059939915,2,2,0
0.6155754020706349,0,0,1,5834.545427870339,257.49245735523004,7,2,0
0.21652399024789742,0,2,0,128437.73225165109,1847.030366937897,3,2,0
0.09820838815878732,0,2,0,9348.769322483455,8541.190397574435,6,3,0
6.901801967092986,0,1,2,4268.696601920086,35133.33824711258,2,3,0
0.5836950337791303,0,2,0,22886.667851558523,568.4086899526768,7,2,0
2.490105920654848,0,2,2,34870.67490373512,7921.292139670616,4,2,0
0.4408332514401021,0,1,1,1370.8958612793767,353.8068303502078,9,1,0
1.7162120265305272,2,3,2,14263.122029086604,63059.6240588098,9,4,0
2.142099334242313,0,3,2,8147.486649872718,13156.807137734584,3,8,0
1.3581698912537097,2,2,0,6113.11230585895,548.7966258104027,10,5,0
0.9567849660679076,1,3,0,2881.0977428459587,541.6082338954661,8,3,0
0.7961367202580667,0,3,2,144714.1519135578,17586.093790425373,3,4,0
0.6435649525559622,1,2,0,6070.681446435243,126702.59266545303,6,3,0
0.01,1,3,0,40752.791295064606,903.6375367821822,50,3,1
2.663410606712697,1,2,0,37368.95819390596,39073.830187913285,4,5,0
5.029764584123537,2,0,2,93938.81502627378,2739.4831876465905,1,4,0
0.19909281275415833,1,1,0,4482.64193652588,42040.47843452334,3,3,0
1.9688270451907612,1,1,2,7191.640727440091,31773.307221575702,5,1,0
4.179190897891861,1,3,0,6014.283841004982,11054.575381993602,5,3,0
0.29993371455119655,0,3,1,11011.475961049993,206.68944218889948,7,6,0
0.1032154762087453,0,3,0,201531.3768008535,31646.134906213934,2,2,0
2.027089729782933,2,1,0,17533.728630253845,22115.600467804972,4,1,0
1.2816407162980046,2,0,2,118088.20111791985,18413.87078096729,4,3,0
2.766115711982217,0,0,2,3172.6952331482044,11984.244724226899,4,4,0
0.22583736962128892,2,1,0,10225.28814381378,1397.4804607199712,8,2,0
2.379075166547802,0,0,1,148453.58533387238,70680.53827298213,9,1,0
0.3377696596005344,1,1,0,4397.490002452408,48838.75525073983,6,3,0
0.26807279844827697,1,0,0,166753.66154323518,943.0831420126101,3,2,0
0.26916698483992607,2,2,1,6268.12043785501,112261.92331533885,5,7,0
2.527654923846013,0,2,2,11575.834482578948,10544.280606234172,5,3,0
1.6413204585239534,0,1,0,621769.7800673994,10491.009237947063,4,3,0
1.1105639345190665,2,0,2,9212.919262768191,5694.689353520055,3,6,0
0.6666921025171022,0,3,2,29457.140029009428,6932.759483755364,2,5,0
3.1458040009414985,1,0,1,75574.39732169165,125718.2255637368,3,5,0
0.7474691245461674,2,2,1,34648.762834341775,63968.75047038341,3,5,0
2.5441239942721046,2,2,2,36684.393478374346,61309.75025557838,6,7,0
0.8674123216708205,0,0,0,19671.38876387616,11720.898278190753,6,1,0
0.7096793487266057,2,0,2,1628.6741891985948,47970.59255657138,2,4,0
0.9317415898494039,0,3,0,44204.35798713885,1527.4788608799433,2,0,0
0.5379679131459632,0,3,0,5090.152582326433,26026.901547390884,3,4,0
2.065165969405409,0,0,1,103936.39815100221,5961.181246019354,10,6,0
1.047904223543394,0,0,0,342532.85116649425,131.68201317275404,1,2,0
0.39636379649559783,0,0,0,595.1928538616457,339.60958633655247,4,2,0
3.4475097743258756,2,0,2,343731.3441251416,2151.7622570311687,3,3,0
0.726497613538067,1,1,1,9680.650866314987,18588.678074587042,8,2,0
1.1764235732666453,1,0,0,16951.329657991046,2155.634570222281,1,7,0
3.5542434130644396,2,3,0,3551.8543385326875,2484.350472850352,8,2,0
1.468198955785996,2,2,1,32110.40686996093,37291.54274072135,8,4,0
0.18647192378666963,1,1,2,25175.580259422728,2670.3791928397973,5,3,0
4.215925025898313,1,0,1,189822.67968910362,116031.20981946787,9,2,0
1.4821153934022393,1,2,1,5000.101277641947,83303.63624809161,5,3,0
0.6117394733269641,1,1,0,610238.2928447758,8465.570107957965,10,2,0
0.22496523092463871,1,2,0,83235.4129456464,36567.7836389401,9,1,0
2.3700020935204007,0,0,2,26421.621589798757,27847.01083492807,4,3,0
1.4516632613442786,2,0,0,15343.255451781217,4957.56240385226,5,3,0
1.1436207870735422,0,3,0,11930.591631008781,45400.08816301992,7,0,0
3.364954995804668,1,0,1,13593.030147292167,60949.69378014546,8,2,0
2.330985020544108,1,0,0,30847.28175774053,1206.0785868856517,4,3,0
0.24673698018951132,1,1,2,14501.394244983512,11015.925490594613,2,1,0
0.5603438270937007,0,3,1,6117.697547469763,10775.25569572747,8,2,0
0.42850442782325693,0,1,2,31223.259400886905,44322.11027968288,7,5,0
2.043552092802617,1,2,1,4135.749144156667,3335.1845665135716,5,4,0
0.0511613097867569,0,0,0,41979.37906283226,2451.5587713863483,9,2,0
1.2655703345792144,0,2,1,14099.095551688113,11361.654458488898,8,3,0
2.1561205737896683,1,1,1,88739.62671870721,86052.98124248697,6,2,0
3.1405010165789067,0,0,0,159236.91782445065,736.0115188222618,6,2,0
0.628011890317639,2,0,0,159111.59982529414,1043.5542287736941,5,6,0
2.5827119453115044,2,1,2,41614.756716302334,2861.182225778938,4,2,0
0.175865827648166,2,1,2,52557.4660580836,4084.0558554217046,9,3,0
2.8106159358175313,2,1,0,11550.661046358595,237.18356925103404,2,2,0
0.20456944579210626,1,1,0,85415.20231297328,162168.39892244726,8,3,0
0.7594719468147965,1,1,0,107044.80041934627,6244.065785047879,5,4,0
2.394008044989735,1,0,1,958.4732874231721,4627.587493859984,4,1,0
0.24363268488062426,2,1,1,46943.23530122864,207996.19725133711,5,2,0
0.3905895336671264,2,0,1,339849.9974997062,34050.05715876034,3,6,0
1.9215646464673581,0,0,0,10801.274450113293,2777.0826392691843,8,1,0
1.9096442579875421,0,1,2,6980.710962997125,11262.294897098163,7,1,0
1.5372663131060862,2,1,0,9511.654144800317,7454.146511359077,4,3,0
1.7760025636314254,2,3,1,1085.9907840778862,146781.69792555986,2,3,0
1.1737036517934571,2,0,1,28338.254186585673,5797.323338391055,3,1,0
0.43512554888911487,2,1,0,23386.88981901432,452.99492226110624,2,2,0
0.6362747906898951,0,1,0,32664.811147186978,189.7204715268848,7,2,0
0.3006019117747978,2,1,1,50612.46872630236,154867.113328027,5,3,0
3.5863142089854776,0,3,1,4464.949556172538,1673.6641513285533,6,4,0
1.3134135819548978,2,3,1,38040.18568832954,30959.132623259567,2,2,0
0.7683684892185335,2,2,0,53444.409602941865,9353.696216424516,6,4,0
0.929861259481745,2,0,1,8293.410297324303,3521.669423644778,3,4,0
4.414235605495817,0,2,1,51033.42027003189,4818.920243094124,3,4,0
0.24970432519275101,0,1,2,25884.853062596267,192289.1990973641,3,5,0
1.323666913662831,1,3,0,6233.04627586104,447.58798938627416,6,4,0
1.057491661189766,2,3,2,38776.79939262439,3740.930059441554,5,5,0
1.418016477004609,1,2,2,12315.064071896504,49668.76389130397,8,2,0
0.027414270609745852,1,3,1,88798.98937725877,622.4790561958004,4,2,0
3.085040283811045,0,1,0,13652.353998701432,112934.76335656937,5,5,0
4.0349828050368775,0,3,1,1669.816194984459,48266.809596139916,5,1,0
1.2490731959150965,1,2,0,37570.482119640765,13954.97522004827,7,1,0
1.7893061107889374,2,1,2,34849.93306974014,2962.1960808893355,6,1,0
3.8362040367684394,0,2,0,2534.4343990986604,481.48144257428453,1,3,0
1.8425961800887771,2,3,1,98821.67387386788,33325.95454901817,2,2,0
0.24826576368618258,2,2,1,89004.45220790135,1977393.0010497852,7,6,0
0.01,1,2,1,386624.7259026525,10848.532233873631,90,1,1
1.3998312855510227,1,0,0,5888.44595911968,210.16841353708654,10,1,0
0.8278117558842317,1,3,2,16580.536292945737,20232.246668099197,7,2,0
2.000235455825088,1,3,2,4828.522203994018,45275.70901435051,7,3,0
4.085515328643712,0,2,0,79284.21787316492,1292.4502782559207,2,3,0
3.8968143195811757,0,0,1,29671.54838031568,2228.259681344765,5,3,0
0.8990464444554265,1,3,2,2472.254356289871,1817.5478610389423,5,0,0
0.18026805682767627,0,1,1,4251.631940868676,2799.713210994248,7,3,0
6.283760983681059,1,2,0,236910.6522551289,5742.636884918608,5,3,0
2.7385771662276643,2,3,1,475025.97029660275,1448.3753848271592,6,1,0
0.19971893957559508,2,1,2,64696.21332437196,684.2508001451484,4,1,0
3.804461911444914,2,3,2,14435.554280031176,11484.467754098436,11,2,0
3.059135896840295,1,1,1,9136.87932102078,5623.311027867479,5,4,0
1.0973270789529739,2,2,0,66131.39244485142,3386.3789046889156,6,4,0
1.3420706802436122,0,3,1,25638.26057690324,9569.91338228398,3,5,0
0.01,2,3,0,87994.29758227839,387.4739376612477,10,4,1
0.08447722386494068,2,0,1,173465.83890605308,13717.200647092275,5,3,0
0.6123973294511117,2,2,2,325008.4739699777,3528.484012332112,5,0,0
2.4357118665992683,0,1,0,96230.8302313658,13081.822317615643,5,3,0
0.006964176099514327,1,3,0,2481.8948770642132,18021.093480930136,6,4,0
0.608570844885253,0,3,0,6163.1734883716135,77831.58125851346,1,3,0
0.7616671422820173,1,1,2,536.2284469596037,9955.782667773963,11,3,0
1.1563245361858225,1,2,1,536111.2544522882,68421.17694202486,1,1,0
0.01,2,0,2,1079159.5044212162,4256.377467411177,50,3,1
0.6377656663361851,1,0,0,2342147.1294354717,4682.769433898394,6,0,0
0.6391597289377429,0,3,1,1099603.3279909801,6755.712041263981,5,4,0
2.0062634274983484,0,1,2,3616.084780826038,38110.678649429894,5,0,0
0.902816660238509,1,3,0,5342.582991043169,28621.634275429587,3,4,0
0.38157371055408806,2,1,0,55959.34280485252,10616.277969920884,5,4,0
0.9034235258642327,2,0,2,659.1267100472087,695.4292750210321,2,2,0
0.22772988289708057,0,2,2,9168.067167657695,27615.109609602725,7,3,0
0.29108175481214515,2,1,2,7507.681666648854,1446.9175288526183,6,3,0
1.0348320642042266,1,0,0,892991.0915074942,1297.513750148127,5,8,0
0.8143143243840105,1,3,2,30395.072061344385,831.33248749596,4,5,0
3.6949391028792196,0,1,0,12462.333385658101,6861.371160671274,4,3,0
0.6750518745595924,1,2,2,6229.370321166017,91440.94169719113,6,2,0
1.303353575677908,0,3,0,131675.94151885493,1175.300232827851,11,3,0
1.500586158776772,1,3,0,8156.564581488157,232617.7683603006,6,3,0
0.01977141723848884,0,0,1,19919.094061718428,49992.10864764302,4,1,0
1.6339022955539835,2,1,2,6134.92391365617,433.02517773185986,0,4,0
0.01,1,3,2,105883.62810560947,3768.565242192779,50,8,1
4.86899740840864,1,2,0,3004.6901933353975,1011.8134207666563,3,1,0
0.2414203564652701,0,1,0,8071.193027910326,30635.382643087883,2,5,0
0.8032516718049103,0,2,0,13010.218153069125,1122.9038190800002,4,5,0
0.13382015647575468,1,3,1,14202.199815179893,316.63859539864643,5,4,0
8.652122422726139,0,2,1,18437.8445241369,4224.044863932456,8,10,0
1.0463202984873392,1,0,0,8288.50372015366,84018.15180458923,2,5,0
1.3572289861334186,2,2,2,327175.72679164837,5513.569708261609,4,3,0
0.10414807624238126,0,1,2,146674.07681870714,17977.706234329708,9,3,0
2.0792043828239986,1,2,1,16810.878164152386,19427.836642844253,2,2,0
0.3534042573753948,2,2,1,36626.1065737976,393.6447349221255,5,4,0
3.4249722852174456,2,0,0,10465.333652688167,1341.1084408748236,6,2,0
0.34438324224125,1,2,2,74.66634206968297,8208.523744439055,6,2,0
0.31735564471322375,0,2,0,22947.999085069863,2657.8957909426686,6,2,0
0.05585151278650825,1,3,1,40588.04006457494,244974.42609389283,5,3,0
0.9581786899431959,2,3,2,875.3961124997039,694.6132458206151,5,5,0
1.248066155514271,1,1,2,59803.659779324065,1314.8525296026376,5,5,0
0.1019504102687347,0,3,1,12567.214074324953,14488.181382148154,5,4,0
2.2410038903975584,2,3,0,43298.24756663266,2308.177023015397,2,6,0
0.9057519754404326,1,3,0,13349.079434850411,24.936555072424984,2,4,0
1.1147364818888952,0,3,2,268850.0178021383,388233.58428938256,7,1,0
0.8717722076813704,2,0,1,34629.37679622185,945.1930832731424,4,6,0
0.768147301912382,0,3,2,163543.27567817588,24879.151569407597,5,3,0
1.2302451857068122,2,0,1,192808.4107347345,660.6456784986505,2,1,0
0.2530545101414332,1,0,0,2346.9890911039997,1442.207472564292,4,3,0
0.30120762931293826,0,3,1,5023.9223888912575,315.4922112391911,6,2,0
2.9684239924442104,2,2,0,54351.167064816604,1840.1699297685784,3,2,0
0.01,0,0,1,1060335.1745068245,2233.7484333136676,60,4,1
0.7009532812127078,0,2,2,13667.64256258525,6215.91765882646,3,3,0
0.47359704853899903,1,2,0,288696.03868503566,3846.282264829813,9,2,0
1.5492348976416856,0,3,2,11840.335493259014,453.48416247708104,0,2,0
0.7882343514108694,2,1,2,3172.075243105372,2841.8210581234225,2,2,0
0.03857122309897054,2,3,0,4156.380892035347,146388.79395399464,3,1,0
0.25467540494926594,2,1,0,1731871.2033635788,115471.7385152881,9,3,0
1.8880248897795684,2,1,2,15422.164998341003,20158.353713806933,4,3,0
1.6134746734763037,1,3,2,1438.7133548252225,30521.862023459864,7,2,0
0.04120478682666015,0,3,2,639.7534126447446,499641.24120265665,6,0,0
0.3764894608000575,1,1,2,6315.275844385628,25399.768001786826,9,2,0
0.3941423684263965,0,3,0,14867.83986845958,29389.117186509422,4,3,0
1.6716220842417777,0,1,0,147023.45529394966,354.5445286347398,7,4,0
0.029861071938209107,0,2,2,121138.56478885635,875.4507333222222,3,4,0
0.16490408790205924,1,3,1,21748.654180729798,7590.246645671534,5,1,0
0.01,0,2,1,888094.1256129881,1611.8140291055465,40,1,1
0.295016564177678,1,0,0,43442.94325681782,1101.1269407606162,2,2,0
1.5865486333808652,2,2,2,666.8118003643845,1387.2545145759336,1,8,0
0.4080729333134928,2,2,2,1157950.0342388079,470.05923357106764,2,2,0
0.15711005022730698,0,1,0,81488.01161927999,1664.4183929318297,5,8,0
0.4179292746171709,1,2,1,124739.20034137918,15976.451081157707,5,0,0
1.9216422196455478,2,3,1,2570.0823912994665,294386.21861438686,5,4,0
2.9037545061808943,1,1,1,286443.6989588935,39893.32778365419,8,3,0
2.6598764999633464,1,0,0,8777.664754385787,28920.644744061323,6,4,0
0.7592137342126326,0,3,1,3277.655811874769,315.11360708062267,3,6,0
1.6543151676068923,2,0,0,20366.674860096533,10286.5594060437,3,5,0
0.3440901154934712,0,2,0,19436.146402171973,7087.445039270938,5,1,0
0.5204003829187752,0,3,2,2547.647988265344,14493.886138962218,3,5,0
3.3998979429463567,2,3,1,3678.0032651569923,3938.775081935867,2,4,0
0.019630782594427503,2,0,0,3144.897097941911,225067.01516771675,6,4,0
0.13408070944567368,1,3,1,3205.3285130908903,9005.142054865682,6,0,0
0.3495754203597228,2,3,1,10135.548591127119,10942.90642084649,6,2,0
0.040335802836475323,1,3,2,1369.2654780775051,159.99131784716587,6,5,0
0.30030450493540917,1,2,1,5526.174070021689,6546.256484179451,7,6,0
1.31215309311655,1,0,2,178130.0350884083,80702.00508122939,2,1,0
0.8207794775517006,2,3,0,114304.2353993003,24615.98275108728,7,6,0
3.3477945312327413,0,1,1,2697.9338497543968,108.72460446244006,4,3,0
2.5510438545292176,1,1,0,149703.18328170275,3296.6096933708327,5,2,0
0.627409207753548,0,1,1,431.43698454648467,258796.91851705738,5,6,0
0.45048937822091784,0,1,0,2837087.7504289853,5995.224768605627,5,1,0
0.7163097121628066,2,2,1,296744.3831095922,15441.77789241638,4,4,0
1.338476625214958,0,3,1,7190.645151726439,206492.3355212611,4,2,0
0.4680925647229093,0,0,1,47327.799233142185,5947.770467100835,3,5,0
1.4678433683206313,2,3,1,1336.9702743813411,39421.22752673453,3,1,0
0.7899540589197167,1,2,1,24856.773748967335,18449.48534162476,7,1,0
1.2046010497722666,0,1,1,15255.17295979524,28290.963650907306,5,3,0
0.8593880926366682,2,2,1,4148.380189361568,17299.472932061577,4,1,0
0.5231999628934997,0,3,1,8629.009706249595,2710.0984536403594,9,4,0
0.01,0,0,1,708705.4212716254,3309.0118767934714,50,3,1
2.1633817555989543,1,2,0,2290.502629582394,1466.8134991195882,5,2,0
0.2264317471845313,0,0,2,3958.836738563437,305.0823567409321,6,2,0
3.042757391578986,2,2,1,1231.8977530566665,97641.68887868767,6,5,0
1.0024804944928747,0,0,2,122352.50358195297,8268.148932500917,6,3,0
3.374309235434615,1,0,1,3414.459568073815,88284.54695008889,4,4,0
0.01,1,1,1,191210.16508328554,185487.97778950428,30,2,1
0.8306349288879109,2,0,0,118540.42962413465,9016.711445461195,4,6,0
0.03408838421631018,1,1,0,46131.011740103735,585.8253669926934,5,2,0
0.46935082166473,0,3,2,110084.3437027787,5473.2272280851375,2,2,0
1.1701316335196945,1,3,0,137608.28981198426,2116.9100618829434,6,2,0
1.5055459979018044,2,1,0,1061198.8248608015,154.42353919398192,0,4,0
0.4473820198934083,1,1,2,16121.683830851556,2970.6682014420558,9,2,0
0.2251116282460733,1,2,0,1193.6661422635452,7022.85827526708,3,2,0
2.7020806307435876,1,2,1,37876.10061473015,2238.029809460684,10,2,0
6.240936244780851,2,2,2,5779.027842841706,1731.7882533847405,4,5,0
1.1188418204581303,1,3,2,3245.385542630305,629.5015751681495,4,6,0
0.2825322954901109,1,2,1,26899.16016402884,11990.192425301158,7,3,0
0.01,0,0,0,12443085.586352898,340625.3821926492,50,3,1
0.027842831116149012,2,0,2,4138.175697010935,104531.9218618787,4,0,0
3.6853327915403353,1,2,2,281750.20927310636,29949.076728519696,10,1,0
0.01,2,0,1,304352.6277876235,31282.628981857157,50,1,1
1.2888610033022339,1,3,1,13523.626655135411,6214.954677507325,7,4,0
0.48042199290418935,1,0,0,47696.617554820616,219.41691498451283,3,4,0
1.2117532731104779,1,3,2,10139.577226448959,3870.4908827918866,4,2,0
1.5808329509790404,0,1,0,631.4351990048834,1166.1285684116003,3,4,0
2.65565878863354,0,1,0,140760.4774787302,11041.249565320395,2,6,0
0.3468037912568038,0,1,1,6330.100041058282,95456.83243369464,3,4,0
0.016585094447545794,2,1,2,97713.68489424716,419500.1575673852,6,2,0
0.2208121060310858,2,0,2,1757.6126703630966,9221.030353939905,7,1,0
3.4541572932797724,0,2,2,2472.8505568862834,288.7864032194472,5,3,0
3.105902028079684,2,0,1,123607.5392249019,9185.230570961363,3,2,0
1.3647664652947387,1,3,1,43521.75406343539,9698.36240320104,3,6,0
1.3763755777580204,1,0,1,9162.080664288535,31498.264909306276,7,0,0
1.6406013441112688,1,0,1,44804.47027466291,7797.893399384535,3,0,0
0.28923304295782826,0,3,1,3267.961676164499,9256.085887265339,4,2,0
3.6873143411569522,2,1,2,27460.89399286201,2289.0186880979063,7,4,0
0.8139144515194771,0,1,0,28484.286028595518,4342.458901328359,4,5,0
0.7246661989918026,2,1,2,10429.950370247261,22617.17502799852,2,2,0
1.0975753989340216,1,2,0,4144.048919708004,145.91621216835142,3,6,0
0.07215699643796583,0,3,1,25349.06580406392,4295.927967353667,2,1,0
0.27279255757390847,2,3,0,19732.80411599573,32073.96548592698,8,4,0
2.0093086356359446,2,0,2,8676.346788507373,215659.8942349715,6,12,0
0.1296424135077654,1,2,2,2786.0248102727865,3653.084330274697,12,3,0
1.3863033284776733,0,1,0,22583.03181616397,86745.99778031146,4,3,0
0.4222500504006612,0,2,1,8719.832171470278,238005.1737436153,3,5,0
0.7397133853877825,0,3,1,2781.330694165309,3748.965438648414,1,5,0
0.510978287931219,1,3,2,24030.03106566062,2653.3623720127994,6,2,0
0.6593227165842802,0,0,0,549415.8732015227,5629.923087307341,2,4,0
1.90434597995803,1,0,1,10576.022274077588,6878.091057630377,4,3,0
0.5288573094083263,1,3,1,440450.38404882886,71800.40069356322,4,2,0
1.2534652960585533,1,1,2,1511576.0851696904,1724.253773817356,5,3,0
0.9695396800353926,2,1,1,3272.0179879414695,175629.31219829034,4,4,0
1.6344988846390176,0,2,0,22428.5149338253,1633.507617855531,5,4,0
4.142882471269454,0,3,2,1479868.5668770177,646.226564131373,7,1,0
1.9783579068825643,1,3,2,17289.247875503508,23099.226777573887,6,6,0
0.362993419866071,1,1,0,23709.3387959154,94951.4376961177,4,2,0
0.04751951823638677,0,1,2,780.542391116684,11583.198963982586,5,2,0
0.45625395300838184,1,3,1,7605.874584729929,19344.603988649473,3,3,0
1.356090977809646,0,0,1,66914.92860891968,403767.49185103463,1,2,0
0.07919291714966202,2,3,0,2837872.7162850746,97665.68646347731,4,4,0
1.0288589340392833,1,3,1,14883.170144730228,8620.090268313217,5,3,0
1.3626432599813403,0,1,0,792.1472969323441,3421.0617450180043,6,3,0
0.6102478169071506,1,1,0,1325.4424649047928,72411.30647499702,4,4,0
2.210474938720102,0,0,1,20504.930084164247,42555.646455392154,5,1,0
0.169078372147017,0,0,0,231981.66007074082,18716.36147185085,7,3,0
0.11716575868837052,1,2,1,78803.08034470463,4213.178491882238,5,0,0
1.9539711153245891,2,3,2,55299.0897423851,6955.032153795954,5,1,0
1.0262553399946028,0,1,2,302032.1579104285,6032.765877828316,9,1,0
1.7490639835997115,0,0,0,5216.290650688498,4355.795049727153,3,3,0
0.01,0,2,1,2288391.268687584,2435.004118297906,50,2,1
0.42434438063779745,2,2,1,7779.409850433109,13772.061250254947,3,4,0
2.564735547856794,2,1,2,12798.567493773364,2224.682323521102,5,5,0
2.409782345940285,1,1,2,2943.8139789340325,11553.669161581889,4,3,0
1.7796732295636821,2,2,1,11070.595929966792,121.54122863640995,3,3,0
0.47648042248204814,1,0,0,20838.73654331822,2441.2162636411185,7,4,0
0.01,1,2,2,1047825.0430427595,72886.47709362977,50,6,1
0.671714963369733,2,3,0,15960.576532991794,1338.2814222079367,3,3,0
0.14407610190997983,1,3,0,49517.483433574234,26481.560036647872,3,3,0
3.7390497653064623,2,1,2,262338.6585959593,1580.3988011036572,6,2,0
0.22069567322928005,1,0,0,303249.6692814616,38237.4741945631,7,3,0
4.500735979684144,2,0,0,100996.74168858796,4472.85463956868,7,1,0
0.8859015191863082,2,3,1,1772.3064264818202,4132.784993532273,4,4,0
